id,name,price,responsible_user_id,group_id,status_id,pipeline_id,loss_reason_id,created_by,updated_by,created_at,updated_at,closed_at,closest_task_at,is_deleted,custom_fields_values,account_id,labor_cost
6,Lead 6,39214.17,29989,371,4,4,26.0,90038,89376,1740487179,1740510107,,1740515916.0,True,"[{'field_id': 48, 'field_name': 'Custom Field', 'values': [{'value': 'Value 54'}]}]",9977942,
6,Lead 6,5870.68,34399,375,2,1,,52074,34721,1740493121,1740510107,,,False,"[{'field_id': 40, 'field_name': 'Custom Field', 'values': [{'value': 'Value 65'}]}]",2239937,
6,Lead 6,30056.88,70672,436,1,1,86.0,25802,97174,1740460292,1740510107,1740506478.0,1740511819.0,False,"[{'field_id': 99, 'field_name': 'Custom Field', 'values': [{'value': 'Value 67'}]}]",7734781,541.16
6,Lead 6,40802.33,93724,145,2,2,65.0,20622,45850,1740466170,1740510107,,,True,"[{'field_id': 83, 'field_name': 'Custom Field', 'values': [{'value': 'Value 7'}]}]",9535684,594.28
6,Lead 6,23602.05,42820,394,7,5,77.0,47227,12760,1740479209,1740510107,1740506391.0,,True,"[{'field_id': 60, 'field_name': 'Custom Field', 'values': [{'value': 'Value 23'}]}]",6727418,
6,Lead 6,16440.13,74859,348,9,4,65.0,83429,47888,1740498824,1740510107,1740500220.0,1740518750.0,False,"[{'field_id': 15, 'field_name': 'Custom Field', 'values': [{'value': 'Value 96'}]}]",9627849,289.94
6,Lead 6,17039.05,84379,166,2,5,,44149,21813,1740492304,1740510107,1740508756.0,1740519272.0,False,"[{'field_id': 6, 'field_name': 'Custom Field', 'values': [{'value': 'Value 7'}]}]",3080062,
6,Lead 6,26957.92,53306,318,4,5,,17722,14907,1740460389,1740510107,1740508598.0,1740515576.0,True,"[{'field_id': 70, 'field_name': 'Custom Field', 'values': [{'value': 'Value 37'}]}]",4955482,
6,Lead 6,7733.81,53043,429,4,5,,72800,17358,1740474082,1740510107,1740501356.0,1740511188.0,False,"[{'field_id': 94, 'field_name': 'Custom Field', 'values': [{'value': 'Value 20'}]}]",7612779,
6,Lead 6,45877.07,84071,232,7,1,19.0,82936,20147,1740466014,1740510107,,1740511731.0,True,"[{'field_id': 82, 'field_name': 'Custom Field', 'values': [{'value': 'Value 8'}]}]",9076892,
6,Lead 6,20075.35,73178,165,6,3,,80547,35896,1740475925,1740510107,1740500124.0,1740514340.0,False,"[{'field_id': 12, 'field_name': 'Custom Field', 'values': [{'value': 'Value 96'}]}]",9826400,857.17
6,Lead 6,6613.5,34017,136,2,2,,76330,95738,1740496780,1740510107,,1740514574.0,False,"[{'field_id': 12, 'field_name': 'Custom Field', 'values': [{'value': 'Value 51'}]}]",4137998,929.85
6,Lead 6,33756.08,62348,189,7,2,30.0,20093,27435,1740474457,1740510107,1740502802.0,1740518270.0,True,"[{'field_id': 38, 'field_name': 'Custom Field', 'values': [{'value': 'Value 22'}]}]",1656068,366.5
5,Lead 5,23175.63,70270,107,8,1,64.0,73317,85370,1740494960,1740510107,1740506312.0,1740514126.0,True,"[{'field_id': 37, 'field_name': 'Custom Field', 'values': [{'value': 'Value 95'}]}]",2632351,548.82
4,Lead 4,38840.49,49004,249,9,3,,72104,98360,1740485451,1740510107,,1740519701.0,True,"[{'field_id': 27, 'field_name': 'Custom Field', 'values': [{'value': 'Value 61'}]}]",7053638,187.58
4,Lead 4,38078.34,51900,484,6,4,,65222,74471,1740474504,1740510107,1740507137.0,1740511857.0,False,"[{'field_id': 91, 'field_name': 'Custom Field', 'values': [{'value': 'Value 93'}]}]",4435714,844.03
4,Lead 4,27913.01,64534,198,7,2,49.0,93477,52905,1740494664,1740510107,1740507057.0,1740517818.0,True,"[{'field_id': 43, 'field_name': 'Custom Field', 'values': [{'value': 'Value 93'}]}]",3621837,
4,Lead 4,35834.2,71085,306,4,1,68.0,60206,24477,1740481849,1740510107,1740502292.0,1740514447.0,True,"[{'field_id': 2, 'field_name': 'Custom Field', 'values': [{'value': 'Value 18'}]}]",1843507,
4,Lead 4,9197.67,64710,187,2,4,,40104,81358,1740484657,1740510107,1740503093.0,1740515121.0,True,"[{'field_id': 32, 'field_name': 'Custom Field', 'values': [{'value': 'Value 47'}]}]",8786528,938.18
4,Lead 4,6791.96,24490,145,3,2,88.0,53387,84670,1740481548,1740510107,1740506633.0,,True,"[{'field_id': 92, 'field_name': 'Custom Field', 'values': [{'value': 'Value 93'}]}]",2105233,
4,Lead 4,16332.74,39237,206,9,2,48.0,38931,86175,1740493484,1740510107,1740500372.0,1740514854.0,False,"[{'field_id': 72, 'field_name': 'Custom Field', 'values': [{'value': 'Value 51'}]}]",5010985,
4,Lead 4,10112.72,99399,445,7,5,52.0,26294,92973,1740465812,1740510107,1740500296.0,,False,"[{'field_id': 65, 'field_name': 'Custom Field', 'values': [{'value': 'Value 1'}]}]",6383827,275.88
4,Lead 4,31605.95,86663,500,5,1,,89588,87961,1740471088,1740510107,,,False,"[{'field_id': 87, 'field_name': 'Custom Field', 'values': [{'value': 'Value 54'}]}]",8117925,337.61
4,Lead 4,47737.17,81046,372,4,3,85.0,53823,36778,1740473839,1740510107,1740506707.0,,False,"[{'field_id': 43, 'field_name': 'Custom Field', 'values': [{'value': 'Value 42'}]}]",5836078,
5,Lead 5,23093.61,13722,190,3,2,,36732,70319,1740498781,1740510107,,,True,"[{'field_id': 49, 'field_name': 'Custom Field', 'values': [{'value': 'Value 39'}]}]",8894249,
5,Lead 5,38395.04,86875,127,7,4,26.0,97690,87463,1740492143,1740510107,1740502304.0,1740514962.0,False,"[{'field_id': 49, 'field_name': 'Custom Field', 'values': [{'value': 'Value 23'}]}]",8999828,
5,Lead 5,11449.75,56297,476,9,3,,21717,35811,1740469026,1740510107,,1740511231.0,True,"[{'field_id': 100, 'field_name': 'Custom Field', 'values': [{'value': 'Value 78'}]}]",8010094,684.82
5,Lead 5,47238.67,13628,477,4,2,9.0,49084,51022,1740482123,1740510107,,,True,"[{'field_id': 60, 'field_name': 'Custom Field', 'values': [{'value': 'Value 21'}]}]",7124799,
5,Lead 5,8269.23,63753,192,3,3,61.0,97952,75875,1740483427,1740510107,1740500292.0,1740512238.0,True,"[{'field_id': 35, 'field_name': 'Custom Field', 'values': [{'value': 'Value 30'}]}]",9575256,527.32
5,Lead 5,22697.3,45350,492,8,1,14.0,12123,72390,1740461187,1740510107,,,True,"[{'field_id': 32, 'field_name': 'Custom Field', 'values': [{'value': 'Value 85'}]}]",5921781,
5,Lead 5,21418.49,51342,177,5,3,,40937,93121,1740461609,1740510107,1740501838.0,,False,"[{'field_id': 21, 'field_name': 'Custom Field', 'values': [{'value': 'Value 73'}]}]",8676415,
5,Lead 5,23979.69,62474,499,2,1,25.0,74994,62888,1740480764,1740510107,1740507295.0,,False,"[{'field_id': 4, 'field_name': 'Custom Field', 'values': [{'value': 'Value 67'}]}]",1828652,
5,Lead 5,28956.14,97230,191,7,2,,21813,23887,1740462208,1740510107,,,False,"[{'field_id': 35, 'field_name': 'Custom Field', 'values': [{'value': 'Value 42'}]}]",4166348,
5,Lead 5,16415.27,43031,303,8,4,46.0,93142,16584,1740469468,1740510107,1740504022.0,,True,"[{'field_id': 99, 'field_name': 'Custom Field', 'values': [{'value': 'Value 84'}]}]",4781854,
5,Lead 5,20713.83,89474,426,5,2,,37814,28293,1740477739,1740510107,,,True,"[{'field_id': 40, 'field_name': 'Custom Field', 'values': [{'value': 'Value 86'}]}]",5749342,817.32
5,Lead 5,49839.47,95857,188,4,1,,65133,89187,1740474804,1740510107,1740500393.0,1740515761.0,False,"[{'field_id': 30, 'field_name': 'Custom Field', 'values': [{'value': 'Value 81'}]}]",6786419,813.23
5,Lead 5,23407.16,94715,143,7,5,69.0,53043,38365,1740464232,1740510107,,1740515984.0,True,"[{'field_id': 28, 'field_name': 'Custom Field', 'values': [{'value': 'Value 64'}]}]",2611951,766.31
5,Lead 5,15997.81,83804,477,2,2,,93123,59271,1740464721,1740510107,,,True,"[{'field_id': 54, 'field_name': 'Custom Field', 'values': [{'value': 'Value 4'}]}]",1751881,750.36
5,Lead 5,14723.6,75250,340,9,1,73.0,26239,84560,1740478017,1740510107,,,False,"[{'field_id': 71, 'field_name': 'Custom Field', 'values': [{'value': 'Value 68'}]}]",1079549,698.13
5,Lead 5,13116.62,21990,215,5,3,,43109,32302,1740498788,1740510107,1740505877.0,,True,"[{'field_id': 2, 'field_name': 'Custom Field', 'values': [{'value': 'Value 6'}]}]",8908267,
4,Lead 4,32843.78,29394,310,5,4,38.0,69870,35028,1740481660,1740510107,1740502621.0,1740511799.0,True,"[{'field_id': 82, 'field_name': 'Custom Field', 'values': [{'value': 'Value 16'}]}]",8306269,586.99
4,Lead 4,28159.82,71375,142,10,4,,66031,91383,1740467668,1740510107,,1740516258.0,False,"[{'field_id': 92, 'field_name': 'Custom Field', 'values': [{'value': 'Value 69'}]}]",9397916,
4,Lead 4,40496.79,31312,142,4,1,6.0,18850,73730,1740468953,1740510107,,1740516080.0,False,"[{'field_id': 13, 'field_name': 'Custom Field', 'values': [{'value': 'Value 44'}]}]",1804835,887.96
4,Lead 4,13256.7,66300,256,3,3,86.0,64745,79341,1740492990,1740510107,,,True,"[{'field_id': 97, 'field_name': 'Custom Field', 'values': [{'value': 'Value 34'}]}]",9676702,
4,Lead 4,12249.89,66448,408,1,5,38.0,13433,24523,1740497944,1740510107,1740502738.0,1740512718.0,True,"[{'field_id': 51, 'field_name': 'Custom Field', 'values': [{'value': 'Value 50'}]}]",7112568,559.36
4,Lead 4,39438.39,61063,287,1,4,,72452,79141,1740485518,1740510107,1740501147.0,,False,"[{'field_id': 86, 'field_name': 'Custom Field', 'values': [{'value': 'Value 81'}]}]",9236691,674.87
4,Lead 4,49181.51,97763,389,1,2,,87796,88144,1740464169,1740510107,,,False,"[{'field_id': 95, 'field_name': 'Custom Field', 'values': [{'value': 'Value 59'}]}]",8854891,245.31
4,Lead 4,35341.18,70764,192,2,3,53.0,91373,55427,1740474178,1740510107,1740502508.0,1740516778.0,False,"[{'field_id': 2, 'field_name': 'Custom Field', 'values': [{'value': 'Value 43'}]}]",4532276,
4,Lead 4,31612.11,43607,208,4,2,,74938,25522,1740478272,1740510107,,1740517073.0,True,"[{'field_id': 5, 'field_name': 'Custom Field', 'values': [{'value': 'Value 37'}]}]",7247084,
4,Lead 4,25014.24,59121,216,1,5,,15009,47895,1740478353,1740510107,,1740519418.0,True,"[{'field_id': 98, 'field_name': 'Custom Field', 'values': [{'value': 'Value 31'}]}]",9360127,655.58
4,Lead 4,18842.85,52007,462,9,3,,83607,29326,1740478068,1740510107,,1740515053.0,True,"[{'field_id': 7, 'field_name': 'Custom Field', 'values': [{'value': 'Value 20'}]}]",6321521,
4,Lead 4,5487.93,93698,430,9,1,,64784,50424,1740481576,1740510107,1740505377.0,1740516776.0,True,"[{'field_id': 26, 'field_name': 'Custom Field', 'values': [{'value': 'Value 97'}]}]",1138743,110.75
4,Lead 4,10654.6,24046,229,9,5,,76370,69623,1740461995,1740510107,1740504970.0,,True,"[{'field_id': 41, 'field_name': 'Custom Field', 'values': [{'value': 'Value 13'}]}]",3514081,
4,Lead 4,19610.72,35320,475,4,5,49.0,15445,11868,1740473737,1740510107,,1740514228.0,True,"[{'field_id': 96, 'field_name': 'Custom Field', 'values': [{'value': 'Value 50'}]}]",5744114,
4,Lead 4,17417.65,40039,372,1,2,,87386,88748,1740476785,1740510107,,,False,"[{'field_id': 22, 'field_name': 'Custom Field', 'values': [{'value': 'Value 74'}]}]",2669029,382.56
4,Lead 4,20560.81,88709,289,5,1,,44787,96585,1740479430,1740510107,,,True,"[{'field_id': 98, 'field_name': 'Custom Field', 'values': [{'value': 'Value 95'}]}]",6020789,
3,Lead 3,37297.96,33356,146,8,1,,63767,44425,1740479128,1740510107,1740501651.0,1740512502.0,False,"[{'field_id': 42, 'field_name': 'Custom Field', 'values': [{'value': 'Value 90'}]}]",9637360,
3,Lead 3,44937.03,15815,471,9,3,79.0,90756,58411,1740476963,1740510107,1740507412.0,,True,"[{'field_id': 32, 'field_name': 'Custom Field', 'values': [{'value': 'Value 79'}]}]",5613692,764.45
3,Lead 3,38213.29,74748,329,2,3,,52705,42768,1740481314,1740510107,,,True,"[{'field_id': 75, 'field_name': 'Custom Field', 'values': [{'value': 'Value 90'}]}]",8774911,
3,Lead 3,17744.6,43241,451,2,3,,67321,76959,1740494329,1740510107,,,True,"[{'field_id': 91, 'field_name': 'Custom Field', 'values': [{'value': 'Value 71'}]}]",3390173,122.19
3,Lead 3,2376.58,64814,276,2,5,,76329,46003,1740465094,1740510107,,1740518028.0,False,"[{'field_id': 38, 'field_name': 'Custom Field', 'values': [{'value': 'Value 85'}]}]",5324230,916.98
3,Lead 3,45659.54,30413,305,4,5,61.0,72138,25007,1740473837,1740510107,1740505044.0,1740512653.0,False,"[{'field_id': 6, 'field_name': 'Custom Field', 'values': [{'value': 'Value 86'}]}]",9117822,300.94
3,Lead 3,6263.14,31790,238,4,4,,26883,14763,1740473042,1740510107,,1740513993.0,True,"[{'field_id': 53, 'field_name': 'Custom Field', 'values': [{'value': 'Value 55'}]}]",1863106,741.43
3,Lead 3,34237.23,86581,451,6,5,,56066,81806,1740498033,1740510107,1740502637.0,,False,"[{'field_id': 58, 'field_name': 'Custom Field', 'values': [{'value': 'Value 90'}]}]",8871868,591.79
3,Lead 3,41749.72,88435,499,5,5,,85794,76484,1740472057,1740510107,,1740518182.0,True,"[{'field_id': 83, 'field_name': 'Custom Field', 'values': [{'value': 'Value 2'}]}]",3645022,
3,Lead 3,9461.24,87424,120,10,4,,47227,48681,1740479076,1740510107,1740508956.0,,False,"[{'field_id': 11, 'field_name': 'Custom Field', 'values': [{'value': 'Value 92'}]}]",2855069,
3,Lead 3,41697.2,63256,266,6,4,,59487,13979,1740464015,1740510107,,,True,"[{'field_id': 11, 'field_name': 'Custom Field', 'values': [{'value': 'Value 28'}]}]",3400884,843.16
7,Lead 7,40987.1,44228,257,7,4,12.0,25360,61271,1740492103,1740510107,1740504082.0,1740519519.0,True,"[{'field_id': 35, 'field_name': 'Custom Field', 'values': [{'value': 'Value 64'}]}]",4988143,331.41
7,Lead 7,18565.0,74622,189,7,5,54.0,28831,28886,1740492561,1740510107,,,True,"[{'field_id': 94, 'field_name': 'Custom Field', 'values': [{'value': 'Value 57'}]}]",9212398,
7,Lead 7,7296.0,39420,204,3,2,,45954,58144,1740469994,1740510107,1740503564.0,1740513682.0,False,"[{'field_id': 9, 'field_name': 'Custom Field', 'values': [{'value': 'Value 32'}]}]",5004951,833.26
7,Lead 7,39764.13,51822,494,4,2,1.0,32978,74423,1740474922,1740510107,1740500368.0,,True,"[{'field_id': 37, 'field_name': 'Custom Field', 'values': [{'value': 'Value 50'}]}]",8313001,
7,Lead 7,6322.61,77293,261,9,2,13.0,11072,45993,1740490801,1740510107,1740508851.0,1740514134.0,True,"[{'field_id': 74, 'field_name': 'Custom Field', 'values': [{'value': 'Value 11'}]}]",2097438,
7,Lead 7,19686.19,44575,137,10,1,51.0,10851,36294,1740467126,1740510107,1740500294.0,,False,"[{'field_id': 37, 'field_name': 'Custom Field', 'values': [{'value': 'Value 59'}]}]",6299766,
7,Lead 7,49191.53,44617,199,1,4,33.0,19172,84853,1740493099,1740510107,,,True,"[{'field_id': 10, 'field_name': 'Custom Field', 'values': [{'value': 'Value 95'}]}]",3862705,
7,Lead 7,10729.77,76285,215,8,1,69.0,44217,79365,1740492252,1740510107,,1740516017.0,False,"[{'field_id': 39, 'field_name': 'Custom Field', 'values': [{'value': 'Value 31'}]}]",7894662,
7,Lead 7,12829.9,47023,447,8,2,,23962,85211,1740484372,1740510107,,1740512985.0,True,"[{'field_id': 7, 'field_name': 'Custom Field', 'values': [{'value': 'Value 96'}]}]",8157953,375.77
7,Lead 7,22675.18,26103,420,3,3,,84812,83099,1740493235,1740510107,1740507950.0,,True,"[{'field_id': 43, 'field_name': 'Custom Field', 'values': [{'value': 'Value 14'}]}]",7478628,
7,Lead 7,6442.07,29449,222,1,4,,91721,61908,1740497029,1740510107,,,True,"[{'field_id': 76, 'field_name': 'Custom Field', 'values': [{'value': 'Value 4'}]}]",8346107,472.59
7,Lead 7,15826.45,76067,383,5,3,,89027,26964,1740466490,1740510107,,,True,"[{'field_id': 90, 'field_name': 'Custom Field', 'values': [{'value': 'Value 16'}]}]",5843491,940.18
7,Lead 7,25538.78,68129,385,1,3,7.0,78713,30677,1740477583,1740510107,,1740518876.0,True,"[{'field_id': 42, 'field_name': 'Custom Field', 'values': [{'value': 'Value 98'}]}]",3927808,400.58
7,Lead 7,25347.29,22111,238,2,4,,58118,65378,1740464802,1740510107,,1740514539.0,False,"[{'field_id': 19, 'field_name': 'Custom Field', 'values': [{'value': 'Value 38'}]}]",3430134,579.95
7,Lead 7,30824.65,54838,336,6,3,,59301,53108,1740460286,1740510107,1740507892.0,1740513345.0,False,"[{'field_id': 59, 'field_name': 'Custom Field', 'values': [{'value': 'Value 59'}]}]",7405907,595.7
7,Lead 7,18323.86,97816,415,10,1,,50177,98356,1740462655,1740510107,,,True,"[{'field_id': 9, 'field_name': 'Custom Field', 'values': [{'value': 'Value 41'}]}]",2174398,518.22
7,Lead 7,1885.11,98032,461,10,4,43.0,77103,18394,1740492826,1740510107,1740509102.0,,True,"[{'field_id': 84, 'field_name': 'Custom Field', 'values': [{'value': 'Value 11'}]}]",6706345,352.28
7,Lead 7,35317.0,58458,104,1,4,22.0,50806,47467,1740481206,1740510107,,,True,"[{'field_id': 36, 'field_name': 'Custom Field', 'values': [{'value': 'Value 15'}]}]",5934154,931.03
7,Lead 7,18451.99,44603,307,4,4,,83647,86106,1740462157,1740510107,1740501773.0,,False,"[{'field_id': 68, 'field_name': 'Custom Field', 'values': [{'value': 'Value 62'}]}]",1015266,673.81
5,Lead 5,44874.74,49421,281,2,1,44.0,17475,11305,1740471560,1740510107,,1740514386.0,False,"[{'field_id': 95, 'field_name': 'Custom Field', 'values': [{'value': 'Value 27'}]}]",4500385,690.37
5,Lead 5,41340.25,43049,274,10,1,,10743,11278,1740478582,1740510107,1740501025.0,1740520012.0,True,"[{'field_id': 37, 'field_name': 'Custom Field', 'values': [{'value': 'Value 20'}]}]",6857574,
5,Lead 5,25698.05,59100,234,10,1,91.0,71435,99480,1740492147,1740510107,,1740515141.0,True,"[{'field_id': 75, 'field_name': 'Custom Field', 'values': [{'value': 'Value 50'}]}]",2371712,
5,Lead 5,48837.88,19420,218,5,1,52.0,65832,37746,1740485582,1740510107,,1740517967.0,False,"[{'field_id': 77, 'field_name': 'Custom Field', 'values': [{'value': 'Value 13'}]}]",8247428,166.82
5,Lead 5,19361.9,31385,474,2,1,74.0,83522,71117,1740460623,1740510107,,1740514116.0,False,"[{'field_id': 39, 'field_name': 'Custom Field', 'values': [{'value': 'Value 85'}]}]",6056410,815.79
5,Lead 5,19114.56,41787,409,10,4,,30284,82249,1740496063,1740510107,1740502874.0,,False,"[{'field_id': 30, 'field_name': 'Custom Field', 'values': [{'value': 'Value 81'}]}]",8831761,
5,Lead 5,48295.44,12901,100,8,5,19.0,22398,25960,1740478789,1740510107,1740507494.0,1740517019.0,True,"[{'field_id': 97, 'field_name': 'Custom Field', 'values': [{'value': 'Value 54'}]}]",6655133,808.93
5,Lead 5,15102.67,58112,487,3,5,,43616,11319,1740463667,1740510107,,1740515565.0,False,"[{'field_id': 58, 'field_name': 'Custom Field', 'values': [{'value': 'Value 74'}]}]",2734569,381.59
5,Lead 5,39965.39,79301,186,3,1,,90525,59852,1740475352,1740510107,1740507362.0,1740518861.0,True,"[{'field_id': 79, 'field_name': 'Custom Field', 'values': [{'value': 'Value 45'}]}]",6127887,
5,Lead 5,33645.2,73814,152,10,2,,89526,52632,1740486747,1740510107,,,False,"[{'field_id': 44, 'field_name': 'Custom Field', 'values': [{'value': 'Value 100'}]}]",1401254,849.54
5,Lead 5,21174.21,22000,378,5,4,,88789,24308,1740475742,1740510107,,1740511580.0,True,"[{'field_id': 83, 'field_name': 'Custom Field', 'values': [{'value': 'Value 85'}]}]",7282360,944.03
5,Lead 5,9052.72,30428,235,6,1,80.0,43467,38595,1740498039,1740510107,,1740519360.0,True,"[{'field_id': 62, 'field_name': 'Custom Field', 'values': [{'value': 'Value 21'}]}]",8996401,493.92
5,Lead 5,3068.75,32662,481,10,4,1.0,59924,77524,1740461939,1740510107,1740508958.0,1740512166.0,False,"[{'field_id': 29, 'field_name': 'Custom Field', 'values': [{'value': 'Value 57'}]}]",9810141,448.91
5,Lead 5,39802.19,18423,340,3,3,27.0,74176,27600,1740490497,1740510107,,1740519336.0,True,"[{'field_id': 72, 'field_name': 'Custom Field', 'values': [{'value': 'Value 14'}]}]",7790468,901.56
5,Lead 5,15757.73,76888,245,1,3,,75099,40709,1740474709,1740510107,,,True,"[{'field_id': 30, 'field_name': 'Custom Field', 'values': [{'value': 'Value 53'}]}]",4344644,932.8
5,Lead 5,8897.04,57158,426,6,4,67.0,31362,82558,1740476106,1740510107,,1740512347.0,True,"[{'field_id': 32, 'field_name': 'Custom Field', 'values': [{'value': 'Value 36'}]}]",4407431,
5,Lead 5,10100.65,37229,472,10,1,,32480,51258,1740499044,1740510107,1740507288.0,,True,"[{'field_id': 39, 'field_name': 'Custom Field', 'values': [{'value': 'Value 31'}]}]",7316770,
5,Lead 5,43278.13,90970,314,1,5,,96843,66687,1740478104,1740510107,,,True,"[{'field_id': 51, 'field_name': 'Custom Field', 'values': [{'value': 'Value 44'}]}]",8075895,531.93
5,Lead 5,3605.86,96160,421,3,5,8.0,99149,84938,1740477539,1740510107,1740508987.0,,False,"[{'field_id': 89, 'field_name': 'Custom Field', 'values': [{'value': 'Value 85'}]}]",3350803,
5,Lead 5,20877.55,22894,268,4,4,,87890,35525,1740480162,1740510107,,1740519188.0,True,"[{'field_id': 19, 'field_name': 'Custom Field', 'values': [{'value': 'Value 75'}]}]",1052927,872.22
6,Lead 6,4553.73,24237,433,8,3,,50664,26143,1740466739,1740510107,,,True,"[{'field_id': 11, 'field_name': 'Custom Field', 'values': [{'value': 'Value 49'}]}]",2919938,414.69
6,Lead 6,47335.14,22121,301,6,5,18.0,60254,35192,1740495080,1740510107,,,False,"[{'field_id': 69, 'field_name': 'Custom Field', 'values': [{'value': 'Value 74'}]}]",4880921,519.67
6,Lead 6,4413.2,50419,269,3,3,,17880,99216,1740472565,1740510107,1740503819.0,,True,"[{'field_id': 6, 'field_name': 'Custom Field', 'values': [{'value': 'Value 20'}]}]",9761966,
6,Lead 6,17912.67,38983,479,2,2,78.0,35634,61198,1740488219,1740510107,,,True,"[{'field_id': 95, 'field_name': 'Custom Field', 'values': [{'value': 'Value 79'}]}]",1186820,632.37
6,Lead 6,43639.41,91535,271,4,2,37.0,53884,10375,1740482505,1740510107,,,True,"[{'field_id': 73, 'field_name': 'Custom Field', 'values': [{'value': 'Value 45'}]}]",6072269,
3,Lead 3,36703.96,25809,131,4,2,,24555,73420,1740491652,1740510107,1740507964.0,1740519761.0,False,"[{'field_id': 63, 'field_name': 'Custom Field', 'values': [{'value': 'Value 14'}]}]",5965860,
3,Lead 3,21339.41,72276,338,10,2,,85280,25582,1740468297,1740510107,1740505796.0,1740517295.0,True,"[{'field_id': 18, 'field_name': 'Custom Field', 'values': [{'value': 'Value 15'}]}]",3243063,
3,Lead 3,45005.24,39808,374,7,1,77.0,50604,33210,1740460117,1740510107,,,False,"[{'field_id': 84, 'field_name': 'Custom Field', 'values': [{'value': 'Value 46'}]}]",5183318,
3,Lead 3,16565.27,65501,239,3,3,87.0,48285,40061,1740470243,1740510107,1740501252.0,1740515340.0,True,"[{'field_id': 82, 'field_name': 'Custom Field', 'values': [{'value': 'Value 37'}]}]",2017403,972.5
3,Lead 3,6832.5,76885,394,3,3,22.0,24020,94043,1740483949,1740510107,1740505391.0,1740512264.0,True,"[{'field_id': 95, 'field_name': 'Custom Field', 'values': [{'value': 'Value 27'}]}]",4091830,
3,Lead 3,28963.09,51943,352,5,5,62.0,84114,49464,1740497395,1740510107,1740507944.0,,False,"[{'field_id': 81, 'field_name': 'Custom Field', 'values': [{'value': 'Value 6'}]}]",2507753,202.41
3,Lead 3,22567.16,90050,219,3,1,49.0,24209,52065,1740462620,1740510107,1740505234.0,1740515675.0,True,"[{'field_id': 11, 'field_name': 'Custom Field', 'values': [{'value': 'Value 23'}]}]",7079607,
7,Lead 7,46550.11,74882,497,7,1,,99685,34190,1740487204,1740510107,1740506979.0,1740514866.0,False,"[{'field_id': 83, 'field_name': 'Custom Field', 'values': [{'value': 'Value 77'}]}]",3792915,366.21
7,Lead 7,18948.43,61416,380,2,3,,67551,49680,1740466738,1740510107,1740504185.0,,True,"[{'field_id': 100, 'field_name': 'Custom Field', 'values': [{'value': 'Value 26'}]}]",7158190,840.63
7,Lead 7,41889.57,27903,328,1,3,17.0,51419,30058,1740465963,1740510107,1740505579.0,,True,"[{'field_id': 46, 'field_name': 'Custom Field', 'values': [{'value': 'Value 62'}]}]",4416858,
7,Lead 7,26796.57,40302,436,10,2,1.0,13556,25227,1740487611,1740510107,1740507292.0,,False,"[{'field_id': 67, 'field_name': 'Custom Field', 'values': [{'value': 'Value 74'}]}]",7060617,890.56
7,Lead 7,49113.78,37148,320,7,2,,84487,68045,1740483371,1740510107,,1740513483.0,False,"[{'field_id': 63, 'field_name': 'Custom Field', 'values': [{'value': 'Value 43'}]}]",6172274,737.56
7,Lead 7,18538.85,26524,149,3,3,78.0,72416,24419,1740481162,1740510107,,,True,"[{'field_id': 37, 'field_name': 'Custom Field', 'values': [{'value': 'Value 62'}]}]",4230886,948.9
7,Lead 7,30577.16,43544,145,10,1,,50391,31217,1740497729,1740510107,,,True,"[{'field_id': 74, 'field_name': 'Custom Field', 'values': [{'value': 'Value 80'}]}]",9493091,818.18
7,Lead 7,49109.51,39811,375,3,4,,52890,19412,1740473067,1740510107,1740502855.0,,True,"[{'field_id': 57, 'field_name': 'Custom Field', 'values': [{'value': 'Value 84'}]}]",8241081,294.47
7,Lead 7,1233.13,62903,140,4,2,,16420,93342,1740461980,1740510107,1740503004.0,1740518887.0,True,"[{'field_id': 38, 'field_name': 'Custom Field', 'values': [{'value': 'Value 76'}]}]",6227349,
7,Lead 7,35365.07,66793,155,8,3,,33783,63868,1740484128,1740510107,,1740518282.0,True,"[{'field_id': 72, 'field_name': 'Custom Field', 'values': [{'value': 'Value 28'}]}]",1967160,
7,Lead 7,4916.11,91008,253,7,2,57.0,62566,86045,1740483762,1740510107,1740508623.0,,False,"[{'field_id': 30, 'field_name': 'Custom Field', 'values': [{'value': 'Value 34'}]}]",1797405,552.19
7,Lead 7,8741.68,60916,126,2,2,,54044,72090,1740484986,1740510107,,,True,"[{'field_id': 64, 'field_name': 'Custom Field', 'values': [{'value': 'Value 21'}]}]",8805282,418.48
7,Lead 7,22608.09,79656,156,1,3,,66620,80179,1740487194,1740510107,1740504415.0,1740516528.0,True,"[{'field_id': 65, 'field_name': 'Custom Field', 'values': [{'value': 'Value 6'}]}]",4057676,765.69
7,Lead 7,11534.33,43973,225,3,2,70.0,78615,87860,1740493446,1740510107,,,True,"[{'field_id': 100, 'field_name': 'Custom Field', 'values': [{'value': 'Value 39'}]}]",1344316,710.74
7,Lead 7,33225.43,14279,459,1,1,6.0,63295,30266,1740490307,1740510107,,1740515551.0,False,"[{'field_id': 66, 'field_name': 'Custom Field', 'values': [{'value': 'Value 44'}]}]",1614881,826.71
7,Lead 7,41315.77,36415,266,10,4,41.0,58646,10428,1740476432,1740510107,1740507423.0,,True,"[{'field_id': 79, 'field_name': 'Custom Field', 'values': [{'value': 'Value 71'}]}]",6589791,646.72
7,Lead 7,28705.04,66367,303,6,5,97.0,24079,73758,1740475806,1740510107,,,False,"[{'field_id': 34, 'field_name': 'Custom Field', 'values': [{'value': 'Value 79'}]}]",3005209,
7,Lead 7,21926.07,27658,106,10,1,,85940,63323,1740490916,1740510107,1740502892.0,,True,"[{'field_id': 30, 'field_name': 'Custom Field', 'values': [{'value': 'Value 11'}]}]",1706645,
7,Lead 7,23925.86,28197,499,3,5,86.0,92428,93980,1740467774,1740510107,1740508570.0,,False,"[{'field_id': 21, 'field_name': 'Custom Field', 'values': [{'value': 'Value 58'}]}]",4400165,
7,Lead 7,18868.3,18118,473,8,3,18.0,36401,31436,1740462929,1740510107,1740501075.0,1740513268.0,True,"[{'field_id': 71, 'field_name': 'Custom Field', 'values': [{'value': 'Value 86'}]}]",9202938,363.17
7,Lead 7,33015.38,82129,357,1,3,,77965,30892,1740479720,1740510107,1740500986.0,1740513912.0,True,"[{'field_id': 42, 'field_name': 'Custom Field', 'values': [{'value': 'Value 83'}]}]",1149505,710.04
7,Lead 7,13436.07,23836,297,1,5,,23154,98278,1740473839,1740510107,1740500226.0,1740519209.0,False,"[{'field_id': 1, 'field_name': 'Custom Field', 'values': [{'value': 'Value 18'}]}]",6785583,
7,Lead 7,36039.04,68843,154,5,4,,50942,74759,1740468233,1740510107,,,False,"[{'field_id': 9, 'field_name': 'Custom Field', 'values': [{'value': 'Value 4'}]}]",3355296,
7,Lead 7,34979.9,53858,490,9,1,,99368,79273,1740483635,1740510107,,,False,"[{'field_id': 17, 'field_name': 'Custom Field', 'values': [{'value': 'Value 43'}]}]",1365199,
3,Lead 3,1714.94,64792,481,8,3,,86469,40674,1740463296,1740510107,,1740512253.0,True,"[{'field_id': 42, 'field_name': 'Custom Field', 'values': [{'value': 'Value 61'}]}]",1358391,296.3
3,Lead 3,28447.05,44061,376,6,1,36.0,86898,35488,1740469940,1740510107,,,True,"[{'field_id': 85, 'field_name': 'Custom Field', 'values': [{'value': 'Value 50'}]}]",2335273,
3,Lead 3,33162.19,61666,310,1,5,,41280,42119,1740470743,1740510107,,,False,"[{'field_id': 61, 'field_name': 'Custom Field', 'values': [{'value': 'Value 52'}]}]",4811114,993.8
3,Lead 3,9327.6,53865,125,5,1,84.0,53009,17268,1740482485,1740510107,,1740511442.0,True,"[{'field_id': 96, 'field_name': 'Custom Field', 'values': [{'value': 'Value 22'}]}]",3493339,639.34
3,Lead 3,32151.14,68623,229,8,3,,99793,44212,1740461581,1740510107,,,True,"[{'field_id': 78, 'field_name': 'Custom Field', 'values': [{'value': 'Value 92'}]}]",1492081,590.58
3,Lead 3,31284.62,96557,138,1,1,58.0,66541,57796,1740460377,1740510107,,,False,"[{'field_id': 46, 'field_name': 'Custom Field', 'values': [{'value': 'Value 60'}]}]",3729278,
3,Lead 3,33555.47,36043,345,4,4,98.0,57660,63743,1740466495,1740510107,,1740516234.0,False,"[{'field_id': 69, 'field_name': 'Custom Field', 'values': [{'value': 'Value 1'}]}]",4050797,
3,Lead 3,28875.43,17836,150,9,2,,69077,72914,1740485060,1740510107,,1740519498.0,False,"[{'field_id': 27, 'field_name': 'Custom Field', 'values': [{'value': 'Value 32'}]}]",6439679,
3,Lead 3,14124.67,14488,314,8,3,18.0,82066,70902,1740483958,1740510107,,,True,"[{'field_id': 59, 'field_name': 'Custom Field', 'values': [{'value': 'Value 31'}]}]",6017348,
3,Lead 3,29683.01,11379,392,5,3,70.0,40120,92420,1740460192,1740510107,1740501245.0,1740519276.0,False,"[{'field_id': 26, 'field_name': 'Custom Field', 'values': [{'value': 'Value 16'}]}]",2290852,993.39
3,Lead 3,7783.37,41693,479,1,2,41.0,80568,98160,1740490828,1740510107,1740503459.0,1740512763.0,True,"[{'field_id': 82, 'field_name': 'Custom Field', 'values': [{'value': 'Value 25'}]}]",7331275,
7,Lead 7,43716.61,19304,397,10,2,,82568,27378,1740476514,1740510107,,1740516547.0,True,"[{'field_id': 68, 'field_name': 'Custom Field', 'values': [{'value': 'Value 28'}]}]",6355681,373.19
7,Lead 7,34386.86,89520,351,10,5,12.0,29487,94176,1740461295,1740510107,1740507146.0,,False,"[{'field_id': 9, 'field_name': 'Custom Field', 'values': [{'value': 'Value 3'}]}]",1720751,258.35
7,Lead 7,27845.38,92392,172,8,1,31.0,69631,99133,1740484892,1740510107,,,True,"[{'field_id': 72, 'field_name': 'Custom Field', 'values': [{'value': 'Value 24'}]}]",8649151,
7,Lead 7,4640.82,15564,499,4,2,97.0,86682,67293,1740484275,1740510107,1740506683.0,1740511899.0,True,"[{'field_id': 71, 'field_name': 'Custom Field', 'values': [{'value': 'Value 13'}]}]",4499592,288.9
7,Lead 7,8583.48,98494,137,5,1,56.0,43684,67624,1740480942,1740510107,1740504197.0,1740517785.0,False,"[{'field_id': 75, 'field_name': 'Custom Field', 'values': [{'value': 'Value 5'}]}]",5557929,483.75
7,Lead 7,19184.63,87823,316,3,2,,83700,13445,1740461555,1740510107,,1740515287.0,True,"[{'field_id': 78, 'field_name': 'Custom Field', 'values': [{'value': 'Value 79'}]}]",2326026,205.73
7,Lead 7,5656.12,60720,194,4,2,,34625,26754,1740464240,1740510107,1740504069.0,1740519108.0,True,"[{'field_id': 17, 'field_name': 'Custom Field', 'values': [{'value': 'Value 81'}]}]",6283612,
7,Lead 7,40011.73,19107,226,2,2,27.0,74364,31026,1740490149,1740510107,1740508269.0,1740514861.0,True,"[{'field_id': 42, 'field_name': 'Custom Field', 'values': [{'value': 'Value 17'}]}]",7652916,260.35
7,Lead 7,25344.44,28831,421,5,1,,12307,31470,1740472607,1740510107,,,True,"[{'field_id': 72, 'field_name': 'Custom Field', 'values': [{'value': 'Value 26'}]}]",1432470,
7,Lead 7,48516.78,12587,134,2,5,,44431,12220,1740466899,1740510107,1740506242.0,,True,"[{'field_id': 19, 'field_name': 'Custom Field', 'values': [{'value': 'Value 95'}]}]",9137400,
7,Lead 7,12259.56,16879,175,9,2,32.0,17590,83874,1740487028,1740510107,1740504293.0,1740513634.0,False,"[{'field_id': 67, 'field_name': 'Custom Field', 'values': [{'value': 'Value 48'}]}]",3397648,928.76
7,Lead 7,49034.58,42680,342,1,3,,28480,40057,1740499863,1740510107,,1740512896.0,False,"[{'field_id': 84, 'field_name': 'Custom Field', 'values': [{'value': 'Value 79'}]}]",7165401,
7,Lead 7,27806.24,63775,132,2,1,72.0,19939,56117,1740474287,1740510107,1740503191.0,,True,"[{'field_id': 31, 'field_name': 'Custom Field', 'values': [{'value': 'Value 54'}]}]",8896444,916.16
7,Lead 7,17244.87,21673,234,4,1,25.0,25361,48997,1740482961,1740510107,,1740517330.0,True,"[{'field_id': 45, 'field_name': 'Custom Field', 'values': [{'value': 'Value 10'}]}]",2269947,653.47
7,Lead 7,20128.67,64898,300,2,5,,11257,55906,1740471182,1740510107,,,False,"[{'field_id': 89, 'field_name': 'Custom Field', 'values': [{'value': 'Value 92'}]}]",9815560,
7,Lead 7,45620.85,66911,150,1,2,79.0,28442,83539,1740488992,1740510107,,1740519363.0,True,"[{'field_id': 37, 'field_name': 'Custom Field', 'values': [{'value': 'Value 50'}]}]",9895603,
7,Lead 7,38361.11,13011,142,1,4,61.0,75317,94806,1740499608,1740510107,1740503292.0,,False,"[{'field_id': 90, 'field_name': 'Custom Field', 'values': [{'value': 'Value 98'}]}]",7925159,482.19
5,Lead 5,10410.4,38203,277,2,3,42.0,93034,70985,1740487675,1740510107,,1740518677.0,False,"[{'field_id': 55, 'field_name': 'Custom Field', 'values': [{'value': 'Value 93'}]}]",9157417,176.92
5,Lead 5,15655.24,79277,381,7,3,,34439,76231,1740479990,1740510107,,1740513530.0,True,"[{'field_id': 12, 'field_name': 'Custom Field', 'values': [{'value': 'Value 24'}]}]",9294751,150.99
5,Lead 5,45664.42,11385,121,10,2,,13046,23482,1740464601,1740510107,1740506409.0,1740514503.0,False,"[{'field_id': 33, 'field_name': 'Custom Field', 'values': [{'value': 'Value 10'}]}]",6129743,
3,Lead 3,30752.82,62889,134,6,3,51.0,98543,54854,1740492819,1740510107,1740504678.0,1740513889.0,True,"[{'field_id': 55, 'field_name': 'Custom Field', 'values': [{'value': 'Value 70'}]}]",9749144,
3,Lead 3,31136.57,65200,193,5,5,,24535,46931,1740484552,1740510107,1740503575.0,1740517105.0,True,"[{'field_id': 3, 'field_name': 'Custom Field', 'values': [{'value': 'Value 91'}]}]",7622167,520.81
3,Lead 3,43154.17,75149,358,5,1,,84833,17260,1740481707,1740510107,1740507688.0,,False,"[{'field_id': 96, 'field_name': 'Custom Field', 'values': [{'value': 'Value 74'}]}]",4489131,
3,Lead 3,46546.99,52835,490,10,2,73.0,68208,59404,1740468085,1740510107,1740503956.0,,False,"[{'field_id': 71, 'field_name': 'Custom Field', 'values': [{'value': 'Value 99'}]}]",6663344,
3,Lead 3,27889.81,43000,283,4,3,23.0,76855,90061,1740488725,1740510107,,,True,"[{'field_id': 80, 'field_name': 'Custom Field', 'values': [{'value': 'Value 32'}]}]",8666312,
3,Lead 3,31129.19,58929,474,1,1,,39205,17986,1740490359,1740510107,,,False,"[{'field_id': 88, 'field_name': 'Custom Field', 'values': [{'value': 'Value 73'}]}]",3555748,
6,Lead 6,17700.37,50178,135,10,2,,92881,89199,1740491539,1740510107,,1740515141.0,True,"[{'field_id': 67, 'field_name': 'Custom Field', 'values': [{'value': 'Value 74'}]}]",1889476,
6,Lead 6,27469.54,13893,315,1,1,,46489,33634,1740486368,1740510107,,,True,"[{'field_id': 61, 'field_name': 'Custom Field', 'values': [{'value': 'Value 79'}]}]",8467223,664.3
6,Lead 6,47672.33,25945,238,7,3,,16281,16634,1740496750,1740510107,1740503119.0,1740514426.0,True,"[{'field_id': 93, 'field_name': 'Custom Field', 'values': [{'value': 'Value 75'}]}]",8449499,
6,Lead 6,49796.73,66990,245,8,3,,83444,81845,1740468146,1740510107,1740507722.0,,True,"[{'field_id': 55, 'field_name': 'Custom Field', 'values': [{'value': 'Value 58'}]}]",8486987,
6,Lead 6,37102.84,10503,345,5,4,15.0,51148,23245,1740467749,1740510107,1740508980.0,,False,"[{'field_id': 74, 'field_name': 'Custom Field', 'values': [{'value': 'Value 56'}]}]",6673288,158.21
6,Lead 6,30624.81,76008,317,4,1,25.0,78417,41663,1740472549,1740510107,1740502846.0,1740512734.0,False,"[{'field_id': 41, 'field_name': 'Custom Field', 'values': [{'value': 'Value 32'}]}]",9175633,780.17
6,Lead 6,44196.19,44924,401,3,5,70.0,34680,47645,1740468125,1740510107,1740504670.0,1740519726.0,False,"[{'field_id': 49, 'field_name': 'Custom Field', 'values': [{'value': 'Value 78'}]}]",1003598,270.02
6,Lead 6,26910.55,71530,356,2,4,,48733,12487,1740491184,1740510107,1740506220.0,,False,"[{'field_id': 95, 'field_name': 'Custom Field', 'values': [{'value': 'Value 3'}]}]",3074371,222.27
6,Lead 6,49272.26,95979,217,9,4,93.0,68716,91291,1740470759,1740510107,1740507026.0,1740519702.0,False,"[{'field_id': 43, 'field_name': 'Custom Field', 'values': [{'value': 'Value 98'}]}]",6289580,107.96
6,Lead 6,23014.59,99528,166,4,1,62.0,63575,73721,1740468310,1740510107,,,True,"[{'field_id': 69, 'field_name': 'Custom Field', 'values': [{'value': 'Value 77'}]}]",3876307,
6,Lead 6,36283.57,70128,483,8,4,16.0,22138,78368,1740467114,1740510107,,1740517017.0,True,"[{'field_id': 25, 'field_name': 'Custom Field', 'values': [{'value': 'Value 95'}]}]",9290001,
6,Lead 6,6581.22,46528,485,4,5,70.0,45660,15092,1740469302,1740510107,,1740517045.0,True,"[{'field_id': 38, 'field_name': 'Custom Field', 'values': [{'value': 'Value 18'}]}]",7508491,
6,Lead 6,38009.93,88067,275,7,5,,14908,58725,1740478151,1740510107,1740505925.0,1740517482.0,False,"[{'field_id': 81, 'field_name': 'Custom Field', 'values': [{'value': 'Value 3'}]}]",9640459,
6,Lead 6,30807.97,31163,354,8,1,,14081,35397,1740492555,1740510107,,,False,"[{'field_id': 55, 'field_name': 'Custom Field', 'values': [{'value': 'Value 35'}]}]",8436196,
6,Lead 6,12629.96,98509,459,9,5,,45909,40329,1740464042,1740510107,,,False,"[{'field_id': 51, 'field_name': 'Custom Field', 'values': [{'value': 'Value 20'}]}]",4951072,
5,Lead 5,7878.36,74973,458,1,5,,51790,21391,1740466276,1740510107,1740507120.0,1740517051.0,True,"[{'field_id': 41, 'field_name': 'Custom Field', 'values': [{'value': 'Value 21'}]}]",9610713,
5,Lead 5,37325.02,41761,196,6,2,,37873,65076,1740488765,1740510107,,,False,"[{'field_id': 26, 'field_name': 'Custom Field', 'values': [{'value': 'Value 87'}]}]",3137910,517.59
5,Lead 5,40247.36,24660,113,6,2,,81538,87144,1740468395,1740510107,,1740517774.0,False,"[{'field_id': 67, 'field_name': 'Custom Field', 'values': [{'value': 'Value 44'}]}]",2931249,
5,Lead 5,5715.1,70369,252,7,3,,60098,42849,1740470015,1740510107,1740504615.0,,True,"[{'field_id': 27, 'field_name': 'Custom Field', 'values': [{'value': 'Value 35'}]}]",2248877,244.02
5,Lead 5,34910.6,79998,223,10,1,,71926,40764,1740497367,1740510107,,,False,"[{'field_id': 56, 'field_name': 'Custom Field', 'values': [{'value': 'Value 45'}]}]",6896985,956.8
5,Lead 5,10996.52,57068,346,2,5,57.0,20357,58562,1740486909,1740510107,1740504096.0,1740519724.0,False,"[{'field_id': 55, 'field_name': 'Custom Field', 'values': [{'value': 'Value 13'}]}]",6155816,
5,Lead 5,39901.92,58475,412,8,2,8.0,25076,41769,1740476310,1740510107,1740500307.0,,False,"[{'field_id': 60, 'field_name': 'Custom Field', 'values': [{'value': 'Value 48'}]}]",3342636,259.0
5,Lead 5,24981.24,13351,131,2,4,68.0,84249,99460,1740473944,1740510107,,,True,"[{'field_id': 19, 'field_name': 'Custom Field', 'values': [{'value': 'Value 1'}]}]",3790020,
5,Lead 5,4633.36,15073,151,3,3,,18833,75319,1740487393,1740510107,,1740515191.0,True,"[{'field_id': 14, 'field_name': 'Custom Field', 'values': [{'value': 'Value 52'}]}]",5050528,
5,Lead 5,11589.53,47527,441,1,2,,94562,15028,1740487227,1740510107,,,False,"[{'field_id': 29, 'field_name': 'Custom Field', 'values': [{'value': 'Value 76'}]}]",2110803,364.61
5,Lead 5,11522.89,71297,393,6,3,,18493,70622,1740479750,1740510107,,,True,"[{'field_id': 15, 'field_name': 'Custom Field', 'values': [{'value': 'Value 73'}]}]",3489784,909.87
5,Lead 5,36649.7,15281,473,7,4,13.0,46248,22548,1740464186,1740510107,1740507527.0,,True,"[{'field_id': 51, 'field_name': 'Custom Field', 'values': [{'value': 'Value 69'}]}]",3953393,
5,Lead 5,4025.58,60904,199,10,2,,32971,43601,1740461288,1740510107,,1740516161.0,False,"[{'field_id': 55, 'field_name': 'Custom Field', 'values': [{'value': 'Value 4'}]}]",6105686,
5,Lead 5,44949.99,85200,106,2,5,2.0,73730,40299,1740489447,1740510107,,1740511543.0,False,"[{'field_id': 97, 'field_name': 'Custom Field', 'values': [{'value': 'Value 11'}]}]",4691776,175.08
5,Lead 5,30017.5,50958,164,7,5,89.0,25123,70938,1740461355,1740510107,,1740516111.0,True,"[{'field_id': 21, 'field_name': 'Custom Field', 'values': [{'value': 'Value 87'}]}]",9655003,
5,Lead 5,24141.04,58948,102,7,2,78.0,22656,13522,1740476361,1740510107,1740501842.0,1740513715.0,False,"[{'field_id': 84, 'field_name': 'Custom Field', 'values': [{'value': 'Value 45'}]}]",1931042,
5,Lead 5,36164.7,34686,341,2,4,34.0,45286,37254,1740464382,1740510107,1740509074.0,,True,"[{'field_id': 29, 'field_name': 'Custom Field', 'values': [{'value': 'Value 58'}]}]",3524662,136.15
5,Lead 5,45354.59,42273,276,2,3,10.0,15280,22517,1740495342,1740510107,,1740513098.0,True,"[{'field_id': 69, 'field_name': 'Custom Field', 'values': [{'value': 'Value 49'}]}]",1734613,
5,Lead 5,45023.34,99060,162,6,4,80.0,58647,26956,1740467254,1740510107,1740505843.0,1740515987.0,False,"[{'field_id': 42, 'field_name': 'Custom Field', 'values': [{'value': 'Value 28'}]}]",5849412,
5,Lead 5,36106.06,23694,118,3,5,,37261,39270,1740489826,1740510107,,,True,"[{'field_id': 44, 'field_name': 'Custom Field', 'values': [{'value': 'Value 49'}]}]",8992028,613.14
4,Lead 4,26469.11,26751,266,2,4,76.0,50704,36766,1740473339,1740510107,,1740519016.0,True,"[{'field_id': 72, 'field_name': 'Custom Field', 'values': [{'value': 'Value 85'}]}]",7278778,
4,Lead 4,45786.69,43823,479,5,3,14.0,66657,52413,1740486790,1740510107,,,False,"[{'field_id': 85, 'field_name': 'Custom Field', 'values': [{'value': 'Value 73'}]}]",1521588,
4,Lead 4,34324.19,49005,116,7,3,,42931,49425,1740491162,1740510107,,,False,"[{'field_id': 40, 'field_name': 'Custom Field', 'values': [{'value': 'Value 27'}]}]",3979018,374.81
4,Lead 4,33981.37,20999,133,7,2,58.0,85999,70682,1740489111,1740510107,,1740519428.0,False,"[{'field_id': 16, 'field_name': 'Custom Field', 'values': [{'value': 'Value 100'}]}]",4533494,
4,Lead 4,6641.67,62616,380,10,4,,64343,59670,1740464108,1740510107,1740501511.0,1740514847.0,True,"[{'field_id': 81, 'field_name': 'Custom Field', 'values': [{'value': 'Value 80'}]}]",2131098,464.28
4,Lead 4,26454.07,26409,236,5,5,,77834,68371,1740487552,1740510107,,,False,"[{'field_id': 46, 'field_name': 'Custom Field', 'values': [{'value': 'Value 56'}]}]",3174426,246.9
4,Lead 4,11834.77,96710,278,10,1,,30038,95330,1740461314,1740510107,,1740515316.0,False,"[{'field_id': 12, 'field_name': 'Custom Field', 'values': [{'value': 'Value 88'}]}]",5269088,
4,Lead 4,32721.16,53212,265,4,4,,56315,28312,1740463544,1740510107,1740502127.0,1740516222.0,True,"[{'field_id': 81, 'field_name': 'Custom Field', 'values': [{'value': 'Value 72'}]}]",4026101,448.39
4,Lead 4,35388.01,39412,414,1,4,75.0,18467,69785,1740474048,1740510107,1740505703.0,,True,"[{'field_id': 20, 'field_name': 'Custom Field', 'values': [{'value': 'Value 35'}]}]",7032234,287.02
4,Lead 4,5285.4,17259,394,8,5,,13289,88187,1740490934,1740510107,,,True,"[{'field_id': 48, 'field_name': 'Custom Field', 'values': [{'value': 'Value 3'}]}]",3989131,
4,Lead 4,13426.4,36316,431,5,4,,65554,57419,1740472482,1740510107,1740501756.0,,True,"[{'field_id': 17, 'field_name': 'Custom Field', 'values': [{'value': 'Value 8'}]}]",1228829,
4,Lead 4,38545.84,27863,344,5,2,,86008,79217,1740486043,1740510107,,1740514390.0,False,"[{'field_id': 90, 'field_name': 'Custom Field', 'values': [{'value': 'Value 56'}]}]",4893862,688.61
4,Lead 4,14860.89,24709,382,8,4,,72128,70241,1740478898,1740510107,1740504444.0,1740519697.0,False,"[{'field_id': 24, 'field_name': 'Custom Field', 'values': [{'value': 'Value 34'}]}]",7718529,
4,Lead 4,13926.65,20486,181,6,4,29.0,99684,68917,1740465473,1740510107,,1740514225.0,True,"[{'field_id': 96, 'field_name': 'Custom Field', 'values': [{'value': 'Value 52'}]}]",3276352,371.1
4,Lead 4,33008.58,39773,465,2,5,,84250,41593,1740465961,1740510107,1740506774.0,,True,"[{'field_id': 6, 'field_name': 'Custom Field', 'values': [{'value': 'Value 86'}]}]",7431513,586.67
4,Lead 4,5841.16,37310,456,9,3,45.0,27556,40231,1740499415,1740510107,1740501609.0,1740518468.0,False,"[{'field_id': 66, 'field_name': 'Custom Field', 'values': [{'value': 'Value 39'}]}]",6419167,990.32
4,Lead 4,22347.74,54221,133,3,5,13.0,28465,21932,1740461700,1740510107,,1740519170.0,True,"[{'field_id': 53, 'field_name': 'Custom Field', 'values': [{'value': 'Value 93'}]}]",3091909,
4,Lead 4,1253.81,71558,272,3,2,,79618,91437,1740477229,1740510107,1740503501.0,,True,"[{'field_id': 94, 'field_name': 'Custom Field', 'values': [{'value': 'Value 5'}]}]",8849259,929.04
4,Lead 4,11659.13,55221,493,3,2,,71871,81314,1740496662,1740510107,,1740513974.0,False,"[{'field_id': 27, 'field_name': 'Custom Field', 'values': [{'value': 'Value 91'}]}]",5641835,
4,Lead 4,47780.37,46390,203,9,2,,26297,21048,1740470585,1740510107,1740508717.0,1740515120.0,True,"[{'field_id': 32, 'field_name': 'Custom Field', 'values': [{'value': 'Value 36'}]}]",6369265,608.04
4,Lead 4,38747.5,51358,487,4,5,37.0,99763,28091,1740473751,1740510107,1740503217.0,1740514460.0,False,"[{'field_id': 81, 'field_name': 'Custom Field', 'values': [{'value': 'Value 90'}]}]",1117621,
4,Lead 4,9863.66,69811,165,4,1,18.0,26277,85750,1740490843,1740510107,1740502490.0,1740512887.0,False,"[{'field_id': 35, 'field_name': 'Custom Field', 'values': [{'value': 'Value 43'}]}]",4498059,925.63
4,Lead 4,48298.17,72764,108,1,1,67.0,82428,81341,1740477812,1740510107,1740501255.0,,False,"[{'field_id': 53, 'field_name': 'Custom Field', 'values': [{'value': 'Value 98'}]}]",7061538,786.65
4,Lead 4,34696.52,68003,476,4,4,,49052,49417,1740481773,1740510107,,,False,"[{'field_id': 28, 'field_name': 'Custom Field', 'values': [{'value': 'Value 89'}]}]",2376562,253.87
4,Lead 4,20247.92,45706,240,9,3,,15943,97965,1740479501,1740510107,1740505316.0,,False,"[{'field_id': 66, 'field_name': 'Custom Field', 'values': [{'value': 'Value 55'}]}]",1213889,893.25
4,Lead 4,4589.2,79375,430,6,5,29.0,43455,89137,1740496136,1740510107,,,True,"[{'field_id': 90, 'field_name': 'Custom Field', 'values': [{'value': 'Value 32'}]}]",5447992,142.89
4,Lead 4,18004.45,17316,490,6,3,,28476,22879,1740472536,1740510107,1740503456.0,1740513767.0,False,"[{'field_id': 42, 'field_name': 'Custom Field', 'values': [{'value': 'Value 54'}]}]",2782857,273.26
4,Lead 4,31893.38,75382,159,3,2,34.0,28571,25325,1740469407,1740510107,,1740515472.0,False,"[{'field_id': 18, 'field_name': 'Custom Field', 'values': [{'value': 'Value 19'}]}]",9268741,
4,Lead 4,27930.86,32939,423,9,5,80.0,39359,51249,1740494477,1740510107,,1740512644.0,False,"[{'field_id': 52, 'field_name': 'Custom Field', 'values': [{'value': 'Value 4'}]}]",6229851,121.61
4,Lead 4,39107.07,48274,455,5,2,,28781,61681,1740485909,1740510107,1740504000.0,,True,"[{'field_id': 81, 'field_name': 'Custom Field', 'values': [{'value': 'Value 96'}]}]",9134545,
4,Lead 4,8501.07,21438,500,2,1,49.0,60467,98438,1740466019,1740510107,,1740513938.0,True,"[{'field_id': 30, 'field_name': 'Custom Field', 'values': [{'value': 'Value 99'}]}]",8718446,
4,Lead 4,31788.89,14650,367,8,4,,20506,15537,1740492516,1740510107,1740506574.0,,False,"[{'field_id': 76, 'field_name': 'Custom Field', 'values': [{'value': 'Value 29'}]}]",4675360,887.56
4,Lead 4,7652.34,35549,342,5,3,68.0,56668,52988,1740462688,1740510107,,1740519148.0,False,"[{'field_id': 76, 'field_name': 'Custom Field', 'values': [{'value': 'Value 36'}]}]",8940457,242.44
4,Lead 4,17611.13,70109,400,1,1,29.0,69139,24456,1740493676,1740510107,1740504336.0,1740511872.0,False,"[{'field_id': 16, 'field_name': 'Custom Field', 'values': [{'value': 'Value 35'}]}]",1335665,
4,Lead 4,3441.29,64259,354,9,1,63.0,64081,60134,1740470627,1740510107,1740504384.0,1740518381.0,True,"[{'field_id': 30, 'field_name': 'Custom Field', 'values': [{'value': 'Value 49'}]}]",5628127,
4,Lead 4,33282.23,67805,280,10,3,,67927,10909,1740462733,1740510107,1740502987.0,1740514438.0,False,"[{'field_id': 7, 'field_name': 'Custom Field', 'values': [{'value': 'Value 19'}]}]",4599167,
4,Lead 4,23214.15,71171,171,4,3,92.0,69172,57990,1740476165,1740510107,,,False,"[{'field_id': 6, 'field_name': 'Custom Field', 'values': [{'value': 'Value 27'}]}]",6706479,
4,Lead 4,34311.9,55571,308,5,2,,38050,41769,1740464898,1740510107,1740504777.0,1740518481.0,False,"[{'field_id': 67, 'field_name': 'Custom Field', 'values': [{'value': 'Value 75'}]}]",4812616,356.6
4,Lead 4,40622.81,73636,209,9,4,,84948,68974,1740470634,1740510107,1740503405.0,,False,"[{'field_id': 13, 'field_name': 'Custom Field', 'values': [{'value': 'Value 9'}]}]",4871829,
4,Lead 4,3349.0,50352,298,9,3,56.0,36986,64341,1740467465,1740510107,1740507118.0,,True,"[{'field_id': 82, 'field_name': 'Custom Field', 'values': [{'value': 'Value 86'}]}]",7444358,404.13
4,Lead 4,12395.31,91257,178,5,5,,53264,72028,1740462960,1740510107,,1740511965.0,False,"[{'field_id': 71, 'field_name': 'Custom Field', 'values': [{'value': 'Value 88'}]}]",4195982,
5,Lead 5,37805.37,38352,348,1,2,24.0,76754,82089,1740486567,1740510107,1740500889.0,1740518103.0,False,"[{'field_id': 45, 'field_name': 'Custom Field', 'values': [{'value': 'Value 53'}]}]",9425294,522.91
5,Lead 5,10535.41,14252,484,6,5,,12857,53552,1740492788,1740510107,,1740519209.0,False,"[{'field_id': 77, 'field_name': 'Custom Field', 'values': [{'value': 'Value 12'}]}]",1969608,460.09
5,Lead 5,39890.08,76020,170,1,3,46.0,58520,59609,1740464815,1740510107,1740502781.0,1740519428.0,False,"[{'field_id': 29, 'field_name': 'Custom Field', 'values': [{'value': 'Value 16'}]}]",6415057,954.38
7,Lead 7,41366.26,63169,388,5,1,100.0,58331,71559,1740484942,1740510107,,,True,"[{'field_id': 65, 'field_name': 'Custom Field', 'values': [{'value': 'Value 2'}]}]",2012912,
7,Lead 7,18916.8,14982,227,2,5,,59522,90581,1740482879,1740510107,1740503254.0,1740516813.0,True,"[{'field_id': 7, 'field_name': 'Custom Field', 'values': [{'value': 'Value 92'}]}]",9006850,332.98
7,Lead 7,38157.96,24012,124,8,2,,30438,51708,1740496065,1740510107,1740502400.0,1740511552.0,True,"[{'field_id': 33, 'field_name': 'Custom Field', 'values': [{'value': 'Value 1'}]}]",8221088,762.55
7,Lead 7,41169.43,76537,292,7,5,86.0,35310,27279,1740467525,1740510107,1740500460.0,,False,"[{'field_id': 63, 'field_name': 'Custom Field', 'values': [{'value': 'Value 97'}]}]",5472644,871.8
7,Lead 7,1604.02,62589,325,8,5,57.0,73518,20820,1740499808,1740510107,1740509030.0,1740519993.0,True,"[{'field_id': 59, 'field_name': 'Custom Field', 'values': [{'value': 'Value 51'}]}]",7576630,
7,Lead 7,4506.23,29568,418,6,4,,79926,42652,1740474419,1740510107,,1740517271.0,False,"[{'field_id': 22, 'field_name': 'Custom Field', 'values': [{'value': 'Value 50'}]}]",2993080,
7,Lead 7,13842.49,99966,218,8,5,33.0,23082,35663,1740483590,1740510107,1740502339.0,1740517250.0,False,"[{'field_id': 50, 'field_name': 'Custom Field', 'values': [{'value': 'Value 15'}]}]",2858092,
7,Lead 7,33143.68,84758,402,9,5,,73259,53311,1740492703,1740510107,1740502488.0,,False,"[{'field_id': 37, 'field_name': 'Custom Field', 'values': [{'value': 'Value 78'}]}]",5593368,240.99
7,Lead 7,25240.55,68477,230,4,1,,59442,79139,1740480519,1740510107,1740501501.0,1740511635.0,True,"[{'field_id': 25, 'field_name': 'Custom Field', 'values': [{'value': 'Value 75'}]}]",5603632,
7,Lead 7,23106.62,39110,402,4,3,,42360,73084,1740494777,1740510107,,,True,"[{'field_id': 2, 'field_name': 'Custom Field', 'values': [{'value': 'Value 36'}]}]",6277567,734.69
4,Lead 4,34236.25,68389,372,2,1,15.0,57996,56249,1740463610,1740510107,1740502414.0,,False,"[{'field_id': 19, 'field_name': 'Custom Field', 'values': [{'value': 'Value 74'}]}]",7588419,841.37
4,Lead 4,32383.38,62150,433,3,3,,88500,27278,1740476399,1740510107,,1740518305.0,False,"[{'field_id': 69, 'field_name': 'Custom Field', 'values': [{'value': 'Value 78'}]}]",9251528,
4,Lead 4,33011.51,81196,492,3,4,,14726,51729,1740476716,1740510107,,1740519577.0,True,"[{'field_id': 46, 'field_name': 'Custom Field', 'values': [{'value': 'Value 51'}]}]",3570914,155.75
4,Lead 4,39617.73,37840,146,7,3,32.0,52062,62121,1740475788,1740510107,,,True,"[{'field_id': 34, 'field_name': 'Custom Field', 'values': [{'value': 'Value 96'}]}]",9570527,809.08
4,Lead 4,21161.97,90055,442,2,3,,21225,45395,1740500059,1740510107,,,False,"[{'field_id': 62, 'field_name': 'Custom Field', 'values': [{'value': 'Value 69'}]}]",8544966,
4,Lead 4,16629.58,47847,352,4,1,21.0,21452,29364,1740474909,1740510107,1740508191.0,,False,"[{'field_id': 90, 'field_name': 'Custom Field', 'values': [{'value': 'Value 7'}]}]",6838414,329.87
4,Lead 4,33285.94,26458,383,8,3,94.0,81151,37826,1740487707,1740510107,,1740516916.0,False,"[{'field_id': 48, 'field_name': 'Custom Field', 'values': [{'value': 'Value 19'}]}]",1211957,461.13
4,Lead 4,48131.81,75462,434,3,1,,60296,15927,1740460847,1740510107,,,False,"[{'field_id': 5, 'field_name': 'Custom Field', 'values': [{'value': 'Value 9'}]}]",9946707,
4,Lead 4,20968.25,65928,300,5,3,,31642,28810,1740478592,1740510107,1740505397.0,1740515954.0,True,"[{'field_id': 75, 'field_name': 'Custom Field', 'values': [{'value': 'Value 68'}]}]",5034127,
4,Lead 4,2283.33,57253,129,3,3,39.0,57383,97855,1740460584,1740510107,,1740519050.0,True,"[{'field_id': 40, 'field_name': 'Custom Field', 'values': [{'value': 'Value 66'}]}]",4588051,709.17
4,Lead 4,15778.9,75770,157,6,3,,49065,34821,1740495763,1740510107,1740507481.0,,False,"[{'field_id': 100, 'field_name': 'Custom Field', 'values': [{'value': 'Value 85'}]}]",6850549,573.83
4,Lead 4,26949.07,75774,233,10,4,70.0,21508,76808,1740470602,1740510107,,1740519139.0,False,"[{'field_id': 76, 'field_name': 'Custom Field', 'values': [{'value': 'Value 72'}]}]",9708647,
4,Lead 4,36422.43,37811,134,10,1,96.0,26974,80883,1740486818,1740510107,,,True,"[{'field_id': 91, 'field_name': 'Custom Field', 'values': [{'value': 'Value 33'}]}]",3984292,283.87
4,Lead 4,41875.97,70445,144,10,3,47.0,93891,76974,1740489792,1740510107,1740501525.0,1740519895.0,False,"[{'field_id': 15, 'field_name': 'Custom Field', 'values': [{'value': 'Value 37'}]}]",8741163,734.04
4,Lead 4,31060.16,22567,102,8,1,71.0,49453,35408,1740473192,1740510107,1740504572.0,1740519887.0,True,"[{'field_id': 5, 'field_name': 'Custom Field', 'values': [{'value': 'Value 16'}]}]",4206126,624.59
4,Lead 4,8930.69,74980,483,5,2,,66070,84402,1740492316,1740510107,1740500244.0,1740519692.0,False,"[{'field_id': 88, 'field_name': 'Custom Field', 'values': [{'value': 'Value 17'}]}]",1596480,553.86
4,Lead 4,9761.91,10563,305,6,2,,97648,55310,1740485489,1740510107,,1740514893.0,False,"[{'field_id': 72, 'field_name': 'Custom Field', 'values': [{'value': 'Value 28'}]}]",5540509,
4,Lead 4,6540.03,53145,413,9,3,,17145,44997,1740464394,1740510107,1740506435.0,,True,"[{'field_id': 65, 'field_name': 'Custom Field', 'values': [{'value': 'Value 68'}]}]",8003835,
4,Lead 4,36482.31,36915,324,4,2,,46066,10638,1740472202,1740510107,1740501396.0,1740513210.0,False,"[{'field_id': 71, 'field_name': 'Custom Field', 'values': [{'value': 'Value 53'}]}]",7709019,
4,Lead 4,49820.11,84589,258,3,1,,56147,94565,1740474307,1740510107,1740508274.0,1740517514.0,True,"[{'field_id': 51, 'field_name': 'Custom Field', 'values': [{'value': 'Value 63'}]}]",4785135,985.02
4,Lead 4,7713.46,50949,460,2,5,,24085,52899,1740491608,1740510107,,,False,"[{'field_id': 34, 'field_name': 'Custom Field', 'values': [{'value': 'Value 7'}]}]",6023505,715.09
4,Lead 4,5545.71,75351,449,3,5,97.0,96082,29504,1740498849,1740510107,1740506259.0,,False,"[{'field_id': 11, 'field_name': 'Custom Field', 'values': [{'value': 'Value 79'}]}]",2507480,
4,Lead 4,15141.03,67101,359,8,2,22.0,16035,85325,1740490279,1740510107,1740500973.0,,True,"[{'field_id': 73, 'field_name': 'Custom Field', 'values': [{'value': 'Value 15'}]}]",2163628,176.8
4,Lead 4,5534.38,69942,456,3,5,,24985,21381,1740470262,1740510107,,1740519447.0,False,"[{'field_id': 97, 'field_name': 'Custom Field', 'values': [{'value': 'Value 69'}]}]",4294697,639.34
4,Lead 4,39123.31,89020,497,6,1,46.0,90687,43950,1740474988,1740510107,,,True,"[{'field_id': 61, 'field_name': 'Custom Field', 'values': [{'value': 'Value 40'}]}]",5429091,198.58
4,Lead 4,49201.03,50287,205,6,3,,74873,19022,1740475415,1740510107,1740501096.0,1740518850.0,False,"[{'field_id': 10, 'field_name': 'Custom Field', 'values': [{'value': 'Value 16'}]}]",1844931,
4,Lead 4,9800.2,96010,186,9,1,15.0,56297,30018,1740490138,1740510107,1740507401.0,,False,"[{'field_id': 64, 'field_name': 'Custom Field', 'values': [{'value': 'Value 1'}]}]",4350145,
3,Lead 3,13663.63,49539,466,3,3,27.0,69202,38233,1740461736,1740510107,,1740516296.0,False,"[{'field_id': 30, 'field_name': 'Custom Field', 'values': [{'value': 'Value 51'}]}]",4374891,
3,Lead 3,16495.69,11574,231,9,5,2.0,28343,66087,1740486939,1740510107,1740508984.0,1740514552.0,True,"[{'field_id': 92, 'field_name': 'Custom Field', 'values': [{'value': 'Value 39'}]}]",5433663,570.05
3,Lead 3,28414.6,97219,328,4,1,,52160,97542,1740495107,1740510107,,1740518683.0,False,"[{'field_id': 86, 'field_name': 'Custom Field', 'values': [{'value': 'Value 55'}]}]",2846866,
3,Lead 3,20493.83,55593,452,7,4,,95281,26437,1740499771,1740510107,,1740515966.0,True,"[{'field_id': 71, 'field_name': 'Custom Field', 'values': [{'value': 'Value 46'}]}]",4574753,195.54
3,Lead 3,27256.22,76969,405,6,5,,78680,64228,1740475115,1740510107,1740502356.0,1740516479.0,False,"[{'field_id': 90, 'field_name': 'Custom Field', 'values': [{'value': 'Value 94'}]}]",4538898,
3,Lead 3,28401.66,30926,136,2,5,,75962,14966,1740479474,1740510107,1740508138.0,1740514536.0,False,"[{'field_id': 66, 'field_name': 'Custom Field', 'values': [{'value': 'Value 18'}]}]",3536305,342.6
3,Lead 3,34982.64,79007,371,9,4,42.0,82380,63651,1740479246,1740510107,,,False,"[{'field_id': 39, 'field_name': 'Custom Field', 'values': [{'value': 'Value 63'}]}]",1738940,
3,Lead 3,31577.03,11518,474,1,3,87.0,26647,97483,1740476190,1740510107,,1740517828.0,True,"[{'field_id': 3, 'field_name': 'Custom Field', 'values': [{'value': 'Value 94'}]}]",6481424,457.36
3,Lead 3,12685.66,94135,414,3,5,,21610,50764,1740489192,1740510107,1740501241.0,,False,"[{'field_id': 66, 'field_name': 'Custom Field', 'values': [{'value': 'Value 60'}]}]",6579039,
3,Lead 3,40759.21,14735,257,1,4,,22331,62473,1740481430,1740510107,,1740511365.0,True,"[{'field_id': 27, 'field_name': 'Custom Field', 'values': [{'value': 'Value 71'}]}]",7343548,
3,Lead 3,2888.66,47732,491,1,1,,21548,17734,1740481023,1740510107,1740505636.0,,True,"[{'field_id': 6, 'field_name': 'Custom Field', 'values': [{'value': 'Value 60'}]}]",8631779,184.92
3,Lead 3,28798.85,54036,353,6,4,92.0,15276,20154,1740471559,1740510107,1740502704.0,1740513313.0,False,"[{'field_id': 93, 'field_name': 'Custom Field', 'values': [{'value': 'Value 82'}]}]",1699249,311.34
3,Lead 3,1538.17,85903,124,3,4,50.0,43668,47508,1740478872,1740510107,,,True,"[{'field_id': 39, 'field_name': 'Custom Field', 'values': [{'value': 'Value 47'}]}]",8703749,
3,Lead 3,7804.26,22444,117,1,5,48.0,38212,24856,1740460386,1740510107,1740500749.0,1740511758.0,True,"[{'field_id': 100, 'field_name': 'Custom Field', 'values': [{'value': 'Value 38'}]}]",7686014,471.51
3,Lead 3,31868.7,87272,408,2,1,20.0,61028,52695,1740478517,1740510107,,1740517599.0,True,"[{'field_id': 52, 'field_name': 'Custom Field', 'values': [{'value': 'Value 7'}]}]",9659117,702.39
3,Lead 3,19080.63,96453,432,1,4,96.0,75102,26022,1740486150,1740510107,1740508794.0,,False,"[{'field_id': 12, 'field_name': 'Custom Field', 'values': [{'value': 'Value 1'}]}]",6385832,
3,Lead 3,31521.91,57703,154,8,3,,80736,27718,1740471532,1740510107,,,False,"[{'field_id': 29, 'field_name': 'Custom Field', 'values': [{'value': 'Value 49'}]}]",8398648,
3,Lead 3,14887.7,34132,489,1,3,1.0,93121,51952,1740488867,1740510107,1740507809.0,1740514274.0,False,"[{'field_id': 76, 'field_name': 'Custom Field', 'values': [{'value': 'Value 50'}]}]",3382690,492.9
3,Lead 3,35910.99,21569,263,2,3,,56213,36849,1740476106,1740510107,,1740512370.0,True,"[{'field_id': 33, 'field_name': 'Custom Field', 'values': [{'value': 'Value 99'}]}]",8564014,
3,Lead 3,40844.36,84094,244,9,5,,64175,49473,1740483241,1740510107,1740500987.0,,True,"[{'field_id': 38, 'field_name': 'Custom Field', 'values': [{'value': 'Value 16'}]}]",4068666,
6,Lead 6,21209.03,34297,288,7,1,39.0,10293,54404,1740465454,1740510107,1740504311.0,,False,"[{'field_id': 27, 'field_name': 'Custom Field', 'values': [{'value': 'Value 1'}]}]",6709931,623.13
6,Lead 6,5998.04,74330,142,3,5,25.0,65810,71006,1740491379,1740510107,1740503944.0,,True,"[{'field_id': 95, 'field_name': 'Custom Field', 'values': [{'value': 'Value 37'}]}]",9395625,
6,Lead 6,40827.64,38083,385,4,5,34.0,74259,54885,1740493325,1740510107,,,True,"[{'field_id': 55, 'field_name': 'Custom Field', 'values': [{'value': 'Value 2'}]}]",8212802,829.28
6,Lead 6,7396.58,33373,444,6,3,85.0,73833,56793,1740492286,1740510107,,,False,"[{'field_id': 54, 'field_name': 'Custom Field', 'values': [{'value': 'Value 73'}]}]",5505656,615.05
6,Lead 6,36094.75,21174,133,6,1,,64423,59100,1740480204,1740510107,,,False,"[{'field_id': 19, 'field_name': 'Custom Field', 'values': [{'value': 'Value 9'}]}]",1358549,
6,Lead 6,29476.57,62020,389,8,5,97.0,33379,17577,1740468367,1740510107,,1740515449.0,True,"[{'field_id': 40, 'field_name': 'Custom Field', 'values': [{'value': 'Value 21'}]}]",9682532,
6,Lead 6,6257.56,31463,453,3,1,,38371,43286,1740493353,1740510107,1740509106.0,,False,"[{'field_id': 68, 'field_name': 'Custom Field', 'values': [{'value': 'Value 66'}]}]",3518393,503.94
6,Lead 6,39361.96,44090,450,9,4,,19787,60939,1740460325,1740510107,1740500780.0,,False,"[{'field_id': 12, 'field_name': 'Custom Field', 'values': [{'value': 'Value 42'}]}]",8613937,
6,Lead 6,24717.18,82368,120,6,2,,50664,22838,1740471688,1740510107,1740506585.0,1740514038.0,False,"[{'field_id': 96, 'field_name': 'Custom Field', 'values': [{'value': 'Value 6'}]}]",3355338,956.44
6,Lead 6,32539.58,58919,163,6,3,,86361,13366,1740494510,1740510107,,,True,"[{'field_id': 46, 'field_name': 'Custom Field', 'values': [{'value': 'Value 31'}]}]",4773185,
6,Lead 6,5991.25,96646,117,8,2,,26346,69456,1740463270,1740510107,,,True,"[{'field_id': 51, 'field_name': 'Custom Field', 'values': [{'value': 'Value 63'}]}]",3185539,
6,Lead 6,40845.08,92513,280,4,1,,56647,28586,1740475271,1740510107,1740504595.0,1740518475.0,False,"[{'field_id': 43, 'field_name': 'Custom Field', 'values': [{'value': 'Value 83'}]}]",5523343,
6,Lead 6,48618.9,35221,275,2,2,,43072,54884,1740472231,1740510107,1740500978.0,,False,"[{'field_id': 79, 'field_name': 'Custom Field', 'values': [{'value': 'Value 43'}]}]",2180089,922.31
6,Lead 6,29337.87,96607,128,10,1,69.0,23294,48279,1740486918,1740510107,1740505985.0,1740516979.0,False,"[{'field_id': 86, 'field_name': 'Custom Field', 'values': [{'value': 'Value 96'}]}]",4437397,
6,Lead 6,39933.98,28633,146,1,3,,77927,98209,1740493811,1740510107,1740506494.0,,True,"[{'field_id': 54, 'field_name': 'Custom Field', 'values': [{'value': 'Value 2'}]}]",5876714,
6,Lead 6,12211.16,78601,411,5,4,85.0,26694,17618,1740467709,1740510107,1740506508.0,,False,"[{'field_id': 47, 'field_name': 'Custom Field', 'values': [{'value': 'Value 6'}]}]",8658787,
